day,metric,detector,flagged
0,data_freshness_hours,threshold,False
1,data_freshness_hours,threshold,False
2,data_freshness_hours,threshold,False
3,data_freshness_hours,threshold,False
4,data_freshness_hours,threshold,False
5,data_freshness_hours,threshold,False
6,data_freshness_hours,threshold,False
7,data_freshness_hours,threshold,False
8,data_freshness_hours,threshold,False
9,data_freshness_hours,threshold,False
10,data_freshness_hours,threshold,False
11,data_freshness_hours,threshold,False
12,data_freshness_hours,threshold,False
13,data_freshness_hours,threshold,False
14,data_freshness_hours,threshold,False
15,data_freshness_hours,threshold,False
16,data_freshness_hours,threshold,False
17,data_freshness_hours,threshold,False
18,data_freshness_hours,threshold,False
19,data_freshness_hours,threshold,False
20,data_freshness_hours,threshold,False
21,data_freshness_hours,threshold,False
22,data_freshness_hours,threshold,False
23,data_freshness_hours,threshold,False
24,data_freshness_hours,threshold,False
25,data_freshness_hours,threshold,False
26,data_freshness_hours,threshold,False
27,data_freshness_hours,threshold,False
28,data_freshness_hours,threshold,False
29,data_freshness_hours,threshold,False
30,data_freshness_hours,threshold,False
31,data_freshness_hours,threshold,False
32,data_freshness_hours,threshold,False
33,data_freshness_hours,threshold,False
34,data_freshness_hours,threshold,False
35,data_freshness_hours,threshold,False
36,data_freshness_hours,threshold,False
37,data_freshness_hours,threshold,False
38,data_freshness_hours,threshold,False
39,data_freshness_hours,threshold,False
40,data_freshness_hours,threshold,False
41,data_freshness_hours,threshold,False
42,data_freshness_hours,threshold,False
43,data_freshness_hours,threshold,False
44,data_freshness_hours,threshold,False
45,data_freshness_hours,threshold,False
46,data_freshness_hours,threshold,False
47,data_freshness_hours,threshold,False
48,data_freshness_hours,threshold,False
49,data_freshness_hours,threshold,False
50,data_freshness_hours,threshold,False
51,data_freshness_hours,threshold,False
52,data_freshness_hours,threshold,False
53,data_freshness_hours,threshold,False
54,data_freshness_hours,threshold,False
55,data_freshness_hours,threshold,False
56,data_freshness_hours,threshold,False
57,data_freshness_hours,threshold,False
58,data_freshness_hours,threshold,False
59,data_freshness_hours,threshold,False
60,data_freshness_hours,threshold,False
61,data_freshness_hours,threshold,False
62,data_freshness_hours,threshold,False
63,data_freshness_hours,threshold,False
64,data_freshness_hours,threshold,False
65,data_freshness_hours,threshold,False
66,data_freshness_hours,threshold,False
67,data_freshness_hours,threshold,False
68,data_freshness_hours,threshold,False
69,data_freshness_hours,threshold,False
70,data_freshness_hours,threshold,False
71,data_freshness_hours,threshold,False
72,data_freshness_hours,threshold,False
73,data_freshness_hours,threshold,False
74,data_freshness_hours,threshold,False
75,data_freshness_hours,threshold,False
76,data_freshness_hours,threshold,False
77,data_freshness_hours,threshold,False
78,data_freshness_hours,threshold,False
79,data_freshness_hours,threshold,False
80,data_freshness_hours,threshold,False
81,data_freshness_hours,threshold,False
82,data_freshness_hours,threshold,False
83,data_freshness_hours,threshold,False
84,data_freshness_hours,threshold,False
85,data_freshness_hours,threshold,False
86,data_freshness_hours,threshold,False
87,data_freshness_hours,threshold,False
88,data_freshness_hours,threshold,False
89,data_freshness_hours,threshold,False
0,data_freshness_hours,zscore,False
1,data_freshness_hours,zscore,False
2,data_freshness_hours,zscore,False
3,data_freshness_hours,zscore,False
4,data_freshness_hours,zscore,False
5,data_freshness_hours,zscore,False
6,data_freshness_hours,zscore,False
7,data_freshness_hours,zscore,False
8,data_freshness_hours,zscore,False
9,data_freshness_hours,zscore,False
10,data_freshness_hours,zscore,False
11,data_freshness_hours,zscore,False
12,data_freshness_hours,zscore,False
13,data_freshness_hours,zscore,False
14,data_freshness_hours,zscore,False
15,data_freshness_hours,zscore,False
16,data_freshness_hours,zscore,False
17,data_freshness_hours,zscore,False
18,data_freshness_hours,zscore,False
19,data_freshness_hours,zscore,False
20,data_freshness_hours,zscore,False
21,data_freshness_hours,zscore,False
22,data_freshness_hours,zscore,False
23,data_freshness_hours,zscore,False
24,data_freshness_hours,zscore,False
25,data_freshness_hours,zscore,False
26,data_freshness_hours,zscore,False
27,data_freshness_hours,zscore,False
28,data_freshness_hours,zscore,False
29,data_freshness_hours,zscore,False
30,data_freshness_hours,zscore,False
31,data_freshness_hours,zscore,False
32,data_freshness_hours,zscore,False
33,data_freshness_hours,zscore,False
34,data_freshness_hours,zscore,False
35,data_freshness_hours,zscore,False
36,data_freshness_hours,zscore,False
37,data_freshness_hours,zscore,False
38,data_freshness_hours,zscore,False
39,data_freshness_hours,zscore,False
40,data_freshness_hours,zscore,False
41,data_freshness_hours,zscore,False
42,data_freshness_hours,zscore,False
43,data_freshness_hours,zscore,False
44,data_freshness_hours,zscore,False
45,data_freshness_hours,zscore,False
46,data_freshness_hours,zscore,False
47,data_freshness_hours,zscore,False
48,data_freshness_hours,zscore,False
49,data_freshness_hours,zscore,False
50,data_freshness_hours,zscore,False
51,data_freshness_hours,zscore,False
52,data_freshness_hours,zscore,False
53,data_freshness_hours,zscore,False
54,data_freshness_hours,zscore,False
55,data_freshness_hours,zscore,False
56,data_freshness_hours,zscore,False
57,data_freshness_hours,zscore,False
58,data_freshness_hours,zscore,False
59,data_freshness_hours,zscore,False
60,data_freshness_hours,zscore,False
61,data_freshness_hours,zscore,False
62,data_freshness_hours,zscore,False
63,data_freshness_hours,zscore,False
64,data_freshness_hours,zscore,False
65,data_freshness_hours,zscore,False
66,data_freshness_hours,zscore,False
67,data_freshness_hours,zscore,False
68,data_freshness_hours,zscore,False
69,data_freshness_hours,zscore,False
70,data_freshness_hours,zscore,False
71,data_freshness_hours,zscore,False
72,data_freshness_hours,zscore,False
73,data_freshness_hours,zscore,False
74,data_freshness_hours,zscore,False
75,data_freshness_hours,zscore,False
76,data_freshness_hours,zscore,False
77,data_freshness_hours,zscore,False
78,data_freshness_hours,zscore,False
79,data_freshness_hours,zscore,False
80,data_freshness_hours,zscore,False
81,data_freshness_hours,zscore,False
82,data_freshness_hours,zscore,False
83,data_freshness_hours,zscore,False
84,data_freshness_hours,zscore,False
85,data_freshness_hours,zscore,False
86,data_freshness_hours,zscore,False
87,data_freshness_hours,zscore,False
88,data_freshness_hours,zscore,False
89,data_freshness_hours,zscore,False
0,data_freshness_hours,trend_break,False
1,data_freshness_hours,trend_break,False
2,data_freshness_hours,trend_break,False
3,data_freshness_hours,trend_break,False
4,data_freshness_hours,trend_break,False
5,data_freshness_hours,trend_break,False
6,data_freshness_hours,trend_break,False
7,data_freshness_hours,trend_break,False
8,data_freshness_hours,trend_break,False
9,data_freshness_hours,trend_break,False
10,data_freshness_hours,trend_break,False
11,data_freshness_hours,trend_break,False
12,data_freshness_hours,trend_break,False
13,data_freshness_hours,trend_break,False
14,data_freshness_hours,trend_break,False
15,data_freshness_hours,trend_break,False
16,data_freshness_hours,trend_break,False
17,data_freshness_hours,trend_break,False
18,data_freshness_hours,trend_break,False
19,data_freshness_hours,trend_break,False
20,data_freshness_hours,trend_break,False
21,data_freshness_hours,trend_break,False
22,data_freshness_hours,trend_break,False
23,data_freshness_hours,trend_break,False
24,data_freshness_hours,trend_break,False
25,data_freshness_hours,trend_break,False
26,data_freshness_hours,trend_break,False
27,data_freshness_hours,trend_break,False
28,data_freshness_hours,trend_break,False
29,data_freshness_hours,trend_break,False
30,data_freshness_hours,trend_break,False
31,data_freshness_hours,trend_break,False
32,data_freshness_hours,trend_break,False
33,data_freshness_hours,trend_break,False
34,data_freshness_hours,trend_break,False
35,data_freshness_hours,trend_break,False
36,data_freshness_hours,trend_break,False
37,data_freshness_hours,trend_break,False
38,data_freshness_hours,trend_break,False
39,data_freshness_hours,trend_break,False
40,data_freshness_hours,trend_break,False
41,data_freshness_hours,trend_break,False
42,data_freshness_hours,trend_break,False
43,data_freshness_hours,trend_break,False
44,data_freshness_hours,trend_break,False
45,data_freshness_hours,trend_break,False
46,data_freshness_hours,trend_break,False
47,data_freshness_hours,trend_break,False
48,data_freshness_hours,trend_break,False
49,data_freshness_hours,trend_break,False
50,data_freshness_hours,trend_break,False
51,data_freshness_hours,trend_break,False
52,data_freshness_hours,trend_break,False
53,data_freshness_hours,trend_break,False
54,data_freshness_hours,trend_break,False
55,data_freshness_hours,trend_break,False
56,data_freshness_hours,trend_break,False
57,data_freshness_hours,trend_break,False
58,data_freshness_hours,trend_break,False
59,data_freshness_hours,trend_break,False
60,data_freshness_hours,trend_break,False
61,data_freshness_hours,trend_break,False
62,data_freshness_hours,trend_break,False
63,data_freshness_hours,trend_break,False
64,data_freshness_hours,trend_break,False
65,data_freshness_hours,trend_break,False
66,data_freshness_hours,trend_break,False
67,data_freshness_hours,trend_break,False
68,data_freshness_hours,trend_break,True
69,data_freshness_hours,trend_break,True
70,data_freshness_hours,trend_break,True
71,data_freshness_hours,trend_break,True
72,data_freshness_hours,trend_break,True
73,data_freshness_hours,trend_break,True
74,data_freshness_hours,trend_break,True
75,data_freshness_hours,trend_break,True
76,data_freshness_hours,trend_break,True
77,data_freshness_hours,trend_break,True
78,data_freshness_hours,trend_break,True
79,data_freshness_hours,trend_break,True
80,data_freshness_hours,trend_break,True
81,data_freshness_hours,trend_break,True
82,data_freshness_hours,trend_break,True
83,data_freshness_hours,trend_break,True
84,data_freshness_hours,trend_break,True
85,data_freshness_hours,trend_break,True
86,data_freshness_hours,trend_break,True
87,data_freshness_hours,trend_break,True
88,data_freshness_hours,trend_break,True
89,data_freshness_hours,trend_break,True
0,data_freshness_hours,data_gap,False
1,data_freshness_hours,data_gap,False
2,data_freshness_hours,data_gap,False
3,data_freshness_hours,data_gap,False
4,data_freshness_hours,data_gap,False
5,data_freshness_hours,data_gap,False
6,data_freshness_hours,data_gap,False
7,data_freshness_hours,data_gap,False
8,data_freshness_hours,data_gap,False
9,data_freshness_hours,data_gap,False
10,data_freshness_hours,data_gap,False
11,data_freshness_hours,data_gap,False
12,data_freshness_hours,data_gap,False
13,data_freshness_hours,data_gap,False
14,data_freshness_hours,data_gap,False
15,data_freshness_hours,data_gap,False
16,data_freshness_hours,data_gap,False
17,data_freshness_hours,data_gap,False
18,data_freshness_hours,data_gap,False
19,data_freshness_hours,data_gap,False
20,data_freshness_hours,data_gap,False
21,data_freshness_hours,data_gap,False
22,data_freshness_hours,data_gap,False
23,data_freshness_hours,data_gap,False
24,data_freshness_hours,data_gap,False
25,data_freshness_hours,data_gap,False
26,data_freshness_hours,data_gap,False
27,data_freshness_hours,data_gap,False
28,data_freshness_hours,data_gap,False
29,data_freshness_hours,data_gap,False
30,data_freshness_hours,data_gap,False
31,data_freshness_hours,data_gap,False
32,data_freshness_hours,data_gap,False
33,data_freshness_hours,data_gap,False
34,data_freshness_hours,data_gap,False
35,data_freshness_hours,data_gap,False
36,data_freshness_hours,data_gap,False
37,data_freshness_hours,data_gap,False
38,data_freshness_hours,data_gap,False
39,data_freshness_hours,data_gap,False
40,data_freshness_hours,data_gap,False
41,data_freshness_hours,data_gap,False
42,data_freshness_hours,data_gap,False
43,data_freshness_hours,data_gap,False
44,data_freshness_hours,data_gap,False
45,data_freshness_hours,data_gap,False
46,data_freshness_hours,data_gap,False
47,data_freshness_hours,data_gap,False
48,data_freshness_hours,data_gap,False
49,data_freshness_hours,data_gap,False
50,data_freshness_hours,data_gap,False
51,data_freshness_hours,data_gap,False
52,data_freshness_hours,data_gap,False
53,data_freshness_hours,data_gap,False
54,data_freshness_hours,data_gap,False
55,data_freshness_hours,data_gap,False
56,data_freshness_hours,data_gap,False
57,data_freshness_hours,data_gap,False
58,data_freshness_hours,data_gap,False
59,data_freshness_hours,data_gap,False
60,data_freshness_hours,data_gap,False
61,data_freshness_hours,data_gap,False
62,data_freshness_hours,data_gap,False
63,data_freshness_hours,data_gap,False
64,data_freshness_hours,data_gap,False
65,data_freshness_hours,data_gap,False
66,data_freshness_hours,data_gap,False
67,data_freshness_hours,data_gap,False
68,data_freshness_hours,data_gap,False
69,data_freshness_hours,data_gap,False
70,data_freshness_hours,data_gap,False
71,data_freshness_hours,data_gap,False
72,data_freshness_hours,data_gap,False
73,data_freshness_hours,data_gap,False
74,data_freshness_hours,data_gap,False
75,data_freshness_hours,data_gap,False
76,data_freshness_hours,data_gap,False
77,data_freshness_hours,data_gap,False
78,data_freshness_hours,data_gap,False
79,data_freshness_hours,data_gap,False
80,data_freshness_hours,data_gap,False
81,data_freshness_hours,data_gap,False
82,data_freshness_hours,data_gap,False
83,data_freshness_hours,data_gap,False
84,data_freshness_hours,data_gap,False
85,data_freshness_hours,data_gap,False
86,data_freshness_hours,data_gap,False
87,data_freshness_hours,data_gap,False
88,data_freshness_hours,data_gap,False
89,data_freshness_hours,data_gap,False
0,pipeline_duration_minutes,threshold,False
1,pipeline_duration_minutes,threshold,False
2,pipeline_duration_minutes,threshold,False
3,pipeline_duration_minutes,threshold,False
4,pipeline_duration_minutes,threshold,False
5,pipeline_duration_minutes,threshold,False
6,pipeline_duration_minutes,threshold,False
7,pipeline_duration_minutes,threshold,False
8,pipeline_duration_minutes,threshold,False
9,pipeline_duration_minutes,threshold,False
10,pipeline_duration_minutes,threshold,False
11,pipeline_duration_minutes,threshold,False
12,pipeline_duration_minutes,threshold,False
13,pipeline_duration_minutes,threshold,False
14,pipeline_duration_minutes,threshold,False
15,pipeline_duration_minutes,threshold,False
16,pipeline_duration_minutes,threshold,False
17,pipeline_duration_minutes,threshold,False
18,pipeline_duration_minutes,threshold,False
19,pipeline_duration_minutes,threshold,False
20,pipeline_duration_minutes,threshold,False
21,pipeline_duration_minutes,threshold,False
22,pipeline_duration_minutes,threshold,False
23,pipeline_duration_minutes,threshold,False
24,pipeline_duration_minutes,threshold,False
25,pipeline_duration_minutes,threshold,False
26,pipeline_duration_minutes,threshold,False
27,pipeline_duration_minutes,threshold,False
28,pipeline_duration_minutes,threshold,False
29,pipeline_duration_minutes,threshold,False
30,pipeline_duration_minutes,threshold,True
31,pipeline_duration_minutes,threshold,True
32,pipeline_duration_minutes,threshold,True
33,pipeline_duration_minutes,threshold,False
34,pipeline_duration_minutes,threshold,False
35,pipeline_duration_minutes,threshold,False
36,pipeline_duration_minutes,threshold,False
37,pipeline_duration_minutes,threshold,False
38,pipeline_duration_minutes,threshold,False
39,pipeline_duration_minutes,threshold,False
40,pipeline_duration_minutes,threshold,False
41,pipeline_duration_minutes,threshold,False
42,pipeline_duration_minutes,threshold,False
43,pipeline_duration_minutes,threshold,False
44,pipeline_duration_minutes,threshold,False
45,pipeline_duration_minutes,threshold,False
46,pipeline_duration_minutes,threshold,False
47,pipeline_duration_minutes,threshold,False
48,pipeline_duration_minutes,threshold,False
49,pipeline_duration_minutes,threshold,False
50,pipeline_duration_minutes,threshold,False
51,pipeline_duration_minutes,threshold,False
52,pipeline_duration_minutes,threshold,False
53,pipeline_duration_minutes,threshold,False
54,pipeline_duration_minutes,threshold,False
55,pipeline_duration_minutes,threshold,False
56,pipeline_duration_minutes,threshold,False
57,pipeline_duration_minutes,threshold,False
58,pipeline_duration_minutes,threshold,False
59,pipeline_duration_minutes,threshold,False
60,pipeline_duration_minutes,threshold,False
61,pipeline_duration_minutes,threshold,False
62,pipeline_duration_minutes,threshold,False
63,pipeline_duration_minutes,threshold,False
64,pipeline_duration_minutes,threshold,False
65,pipeline_duration_minutes,threshold,False
66,pipeline_duration_minutes,threshold,False
67,pipeline_duration_minutes,threshold,False
68,pipeline_duration_minutes,threshold,False
69,pipeline_duration_minutes,threshold,False
70,pipeline_duration_minutes,threshold,False
71,pipeline_duration_minutes,threshold,False
72,pipeline_duration_minutes,threshold,False
73,pipeline_duration_minutes,threshold,False
74,pipeline_duration_minutes,threshold,False
75,pipeline_duration_minutes,threshold,False
76,pipeline_duration_minutes,threshold,False
77,pipeline_duration_minutes,threshold,False
78,pipeline_duration_minutes,threshold,False
79,pipeline_duration_minutes,threshold,False
80,pipeline_duration_minutes,threshold,False
81,pipeline_duration_minutes,threshold,False
82,pipeline_duration_minutes,threshold,False
83,pipeline_duration_minutes,threshold,False
84,pipeline_duration_minutes,threshold,False
85,pipeline_duration_minutes,threshold,False
86,pipeline_duration_minutes,threshold,False
87,pipeline_duration_minutes,threshold,False
88,pipeline_duration_minutes,threshold,False
89,pipeline_duration_minutes,threshold,False
0,pipeline_duration_minutes,zscore,False
1,pipeline_duration_minutes,zscore,False
2,pipeline_duration_minutes,zscore,False
3,pipeline_duration_minutes,zscore,False
4,pipeline_duration_minutes,zscore,False
5,pipeline_duration_minutes,zscore,False
6,pipeline_duration_minutes,zscore,False
7,pipeline_duration_minutes,zscore,False
8,pipeline_duration_minutes,zscore,False
9,pipeline_duration_minutes,zscore,False
10,pipeline_duration_minutes,zscore,False
11,pipeline_duration_minutes,zscore,False
12,pipeline_duration_minutes,zscore,False
13,pipeline_duration_minutes,zscore,False
14,pipeline_duration_minutes,zscore,False
15,pipeline_duration_minutes,zscore,False
16,pipeline_duration_minutes,zscore,False
17,pipeline_duration_minutes,zscore,False
18,pipeline_duration_minutes,zscore,False
19,pipeline_duration_minutes,zscore,False
20,pipeline_duration_minutes,zscore,False
21,pipeline_duration_minutes,zscore,False
22,pipeline_duration_minutes,zscore,False
23,pipeline_duration_minutes,zscore,False
24,pipeline_duration_minutes,zscore,False
25,pipeline_duration_minutes,zscore,False
26,pipeline_duration_minutes,zscore,False
27,pipeline_duration_minutes,zscore,False
28,pipeline_duration_minutes,zscore,False
29,pipeline_duration_minutes,zscore,False
30,pipeline_duration_minutes,zscore,True
31,pipeline_duration_minutes,zscore,False
32,pipeline_duration_minutes,zscore,False
33,pipeline_duration_minutes,zscore,False
34,pipeline_duration_minutes,zscore,False
35,pipeline_duration_minutes,zscore,False
36,pipeline_duration_minutes,zscore,False
37,pipeline_duration_minutes,zscore,False
38,pipeline_duration_minutes,zscore,False
39,pipeline_duration_minutes,zscore,False
40,pipeline_duration_minutes,zscore,False
41,pipeline_duration_minutes,zscore,False
42,pipeline_duration_minutes,zscore,False
43,pipeline_duration_minutes,zscore,False
44,pipeline_duration_minutes,zscore,False
45,pipeline_duration_minutes,zscore,False
46,pipeline_duration_minutes,zscore,False
47,pipeline_duration_minutes,zscore,False
48,pipeline_duration_minutes,zscore,False
49,pipeline_duration_minutes,zscore,False
50,pipeline_duration_minutes,zscore,False
51,pipeline_duration_minutes,zscore,False
52,pipeline_duration_minutes,zscore,False
53,pipeline_duration_minutes,zscore,False
54,pipeline_duration_minutes,zscore,False
55,pipeline_duration_minutes,zscore,False
56,pipeline_duration_minutes,zscore,False
57,pipeline_duration_minutes,zscore,False
58,pipeline_duration_minutes,zscore,False
59,pipeline_duration_minutes,zscore,False
60,pipeline_duration_minutes,zscore,False
61,pipeline_duration_minutes,zscore,False
62,pipeline_duration_minutes,zscore,False
63,pipeline_duration_minutes,zscore,False
64,pipeline_duration_minutes,zscore,False
65,pipeline_duration_minutes,zscore,False
66,pipeline_duration_minutes,zscore,False
67,pipeline_duration_minutes,zscore,False
68,pipeline_duration_minutes,zscore,False
69,pipeline_duration_minutes,zscore,False
70,pipeline_duration_minutes,zscore,False
71,pipeline_duration_minutes,zscore,False
72,pipeline_duration_minutes,zscore,False
73,pipeline_duration_minutes,zscore,False
74,pipeline_duration_minutes,zscore,False
75,pipeline_duration_minutes,zscore,False
76,pipeline_duration_minutes,zscore,False
77,pipeline_duration_minutes,zscore,False
78,pipeline_duration_minutes,zscore,False
79,pipeline_duration_minutes,zscore,False
80,pipeline_duration_minutes,zscore,False
81,pipeline_duration_minutes,zscore,False
82,pipeline_duration_minutes,zscore,False
83,pipeline_duration_minutes,zscore,False
84,pipeline_duration_minutes,zscore,False
85,pipeline_duration_minutes,zscore,False
86,pipeline_duration_minutes,zscore,False
87,pipeline_duration_minutes,zscore,False
88,pipeline_duration_minutes,zscore,False
89,pipeline_duration_minutes,zscore,False
0,pipeline_duration_minutes,trend_break,False
1,pipeline_duration_minutes,trend_break,False
2,pipeline_duration_minutes,trend_break,False
3,pipeline_duration_minutes,trend_break,False
4,pipeline_duration_minutes,trend_break,False
5,pipeline_duration_minutes,trend_break,False
6,pipeline_duration_minutes,trend_break,False
7,pipeline_duration_minutes,trend_break,False
8,pipeline_duration_minutes,trend_break,False
9,pipeline_duration_minutes,trend_break,False
10,pipeline_duration_minutes,trend_break,False
11,pipeline_duration_minutes,trend_break,False
12,pipeline_duration_minutes,trend_break,False
13,pipeline_duration_minutes,trend_break,False
14,pipeline_duration_minutes,trend_break,False
15,pipeline_duration_minutes,trend_break,False
16,pipeline_duration_minutes,trend_break,False
17,pipeline_duration_minutes,trend_break,False
18,pipeline_duration_minutes,trend_break,False
19,pipeline_duration_minutes,trend_break,False
20,pipeline_duration_minutes,trend_break,False
21,pipeline_duration_minutes,trend_break,False
22,pipeline_duration_minutes,trend_break,False
23,pipeline_duration_minutes,trend_break,False
24,pipeline_duration_minutes,trend_break,False
25,pipeline_duration_minutes,trend_break,False
26,pipeline_duration_minutes,trend_break,False
27,pipeline_duration_minutes,trend_break,False
28,pipeline_duration_minutes,trend_break,False
29,pipeline_duration_minutes,trend_break,False
30,pipeline_duration_minutes,trend_break,False
31,pipeline_duration_minutes,trend_break,False
32,pipeline_duration_minutes,trend_break,False
33,pipeline_duration_minutes,trend_break,False
34,pipeline_duration_minutes,trend_break,False
35,pipeline_duration_minutes,trend_break,False
36,pipeline_duration_minutes,trend_break,True
37,pipeline_duration_minutes,trend_break,True
38,pipeline_duration_minutes,trend_break,True
39,pipeline_duration_minutes,trend_break,True
40,pipeline_duration_minutes,trend_break,True
41,pipeline_duration_minutes,trend_break,True
42,pipeline_duration_minutes,trend_break,True
43,pipeline_duration_minutes,trend_break,True
44,pipeline_duration_minutes,trend_break,True
45,pipeline_duration_minutes,trend_break,True
46,pipeline_duration_minutes,trend_break,True
47,pipeline_duration_minutes,trend_break,True
48,pipeline_duration_minutes,trend_break,True
49,pipeline_duration_minutes,trend_break,True
50,pipeline_duration_minutes,trend_break,True
51,pipeline_duration_minutes,trend_break,True
52,pipeline_duration_minutes,trend_break,True
53,pipeline_duration_minutes,trend_break,True
54,pipeline_duration_minutes,trend_break,True
55,pipeline_duration_minutes,trend_break,True
56,pipeline_duration_minutes,trend_break,True
57,pipeline_duration_minutes,trend_break,True
58,pipeline_duration_minutes,trend_break,True
59,pipeline_duration_minutes,trend_break,True
60,pipeline_duration_minutes,trend_break,True
61,pipeline_duration_minutes,trend_break,True
62,pipeline_duration_minutes,trend_break,True
63,pipeline_duration_minutes,trend_break,True
64,pipeline_duration_minutes,trend_break,True
65,pipeline_duration_minutes,trend_break,True
66,pipeline_duration_minutes,trend_break,True
67,pipeline_duration_minutes,trend_break,True
68,pipeline_duration_minutes,trend_break,False
69,pipeline_duration_minutes,trend_break,False
70,pipeline_duration_minutes,trend_break,False
71,pipeline_duration_minutes,trend_break,False
72,pipeline_duration_minutes,trend_break,False
73,pipeline_duration_minutes,trend_break,False
74,pipeline_duration_minutes,trend_break,False
75,pipeline_duration_minutes,trend_break,False
76,pipeline_duration_minutes,trend_break,False
77,pipeline_duration_minutes,trend_break,False
78,pipeline_duration_minutes,trend_break,False
79,pipeline_duration_minutes,trend_break,False
80,pipeline_duration_minutes,trend_break,False
81,pipeline_duration_minutes,trend_break,False
82,pipeline_duration_minutes,trend_break,False
83,pipeline_duration_minutes,trend_break,False
84,pipeline_duration_minutes,trend_break,False
85,pipeline_duration_minutes,trend_break,False
86,pipeline_duration_minutes,trend_break,False
87,pipeline_duration_minutes,trend_break,False
88,pipeline_duration_minutes,trend_break,False
89,pipeline_duration_minutes,trend_break,False
0,pipeline_duration_minutes,data_gap,False
1,pipeline_duration_minutes,data_gap,False
2,pipeline_duration_minutes,data_gap,False
3,pipeline_duration_minutes,data_gap,False
4,pipeline_duration_minutes,data_gap,False
5,pipeline_duration_minutes,data_gap,False
6,pipeline_duration_minutes,data_gap,False
7,pipeline_duration_minutes,data_gap,False
8,pipeline_duration_minutes,data_gap,False
9,pipeline_duration_minutes,data_gap,False
10,pipeline_duration_minutes,data_gap,False
11,pipeline_duration_minutes,data_gap,False
12,pipeline_duration_minutes,data_gap,False
13,pipeline_duration_minutes,data_gap,False
14,pipeline_duration_minutes,data_gap,False
15,pipeline_duration_minutes,data_gap,False
16,pipeline_duration_minutes,data_gap,False
17,pipeline_duration_minutes,data_gap,False
18,pipeline_duration_minutes,data_gap,False
19,pipeline_duration_minutes,data_gap,False
20,pipeline_duration_minutes,data_gap,False
21,pipeline_duration_minutes,data_gap,False
22,pipeline_duration_minutes,data_gap,False
23,pipeline_duration_minutes,data_gap,False
24,pipeline_duration_minutes,data_gap,False
25,pipeline_duration_minutes,data_gap,False
26,pipeline_duration_minutes,data_gap,False
27,pipeline_duration_minutes,data_gap,False
28,pipeline_duration_minutes,data_gap,False
29,pipeline_duration_minutes,data_gap,False
30,pipeline_duration_minutes,data_gap,False
31,pipeline_duration_minutes,data_gap,False
32,pipeline_duration_minutes,data_gap,False
33,pipeline_duration_minutes,data_gap,False
34,pipeline_duration_minutes,data_gap,False
35,pipeline_duration_minutes,data_gap,False
36,pipeline_duration_minutes,data_gap,False
37,pipeline_duration_minutes,data_gap,False
38,pipeline_duration_minutes,data_gap,False
39,pipeline_duration_minutes,data_gap,False
40,pipeline_duration_minutes,data_gap,False
41,pipeline_duration_minutes,data_gap,False
42,pipeline_duration_minutes,data_gap,False
43,pipeline_duration_minutes,data_gap,False
44,pipeline_duration_minutes,data_gap,False
45,pipeline_duration_minutes,data_gap,False
46,pipeline_duration_minutes,data_gap,False
47,pipeline_duration_minutes,data_gap,False
48,pipeline_duration_minutes,data_gap,False
49,pipeline_duration_minutes,data_gap,False
50,pipeline_duration_minutes,data_gap,False
51,pipeline_duration_minutes,data_gap,False
52,pipeline_duration_minutes,data_gap,False
53,pipeline_duration_minutes,data_gap,False
54,pipeline_duration_minutes,data_gap,False
55,pipeline_duration_minutes,data_gap,False
56,pipeline_duration_minutes,data_gap,False
57,pipeline_duration_minutes,data_gap,False
58,pipeline_duration_minutes,data_gap,False
59,pipeline_duration_minutes,data_gap,False
60,pipeline_duration_minutes,data_gap,False
61,pipeline_duration_minutes,data_gap,False
62,pipeline_duration_minutes,data_gap,False
63,pipeline_duration_minutes,data_gap,False
64,pipeline_duration_minutes,data_gap,False
65,pipeline_duration_minutes,data_gap,False
66,pipeline_duration_minutes,data_gap,False
67,pipeline_duration_minutes,data_gap,False
68,pipeline_duration_minutes,data_gap,False
69,pipeline_duration_minutes,data_gap,False
70,pipeline_duration_minutes,data_gap,False
71,pipeline_duration_minutes,data_gap,False
72,pipeline_duration_minutes,data_gap,False
73,pipeline_duration_minutes,data_gap,False
74,pipeline_duration_minutes,data_gap,False
75,pipeline_duration_minutes,data_gap,False
76,pipeline_duration_minutes,data_gap,False
77,pipeline_duration_minutes,data_gap,False
78,pipeline_duration_minutes,data_gap,False
79,pipeline_duration_minutes,data_gap,False
80,pipeline_duration_minutes,data_gap,False
81,pipeline_duration_minutes,data_gap,False
82,pipeline_duration_minutes,data_gap,False
83,pipeline_duration_minutes,data_gap,False
84,pipeline_duration_minutes,data_gap,False
85,pipeline_duration_minutes,data_gap,False
86,pipeline_duration_minutes,data_gap,False
87,pipeline_duration_minutes,data_gap,False
88,pipeline_duration_minutes,data_gap,False
89,pipeline_duration_minutes,data_gap,False
0,pipeline_success_rate,threshold,False
1,pipeline_success_rate,threshold,False
2,pipeline_success_rate,threshold,False
3,pipeline_success_rate,threshold,False
4,pipeline_success_rate,threshold,False
5,pipeline_success_rate,threshold,False
6,pipeline_success_rate,threshold,False
7,pipeline_success_rate,threshold,False
8,pipeline_success_rate,threshold,False
9,pipeline_success_rate,threshold,False
10,pipeline_success_rate,threshold,False
11,pipeline_success_rate,threshold,False
12,pipeline_success_rate,threshold,False
13,pipeline_success_rate,threshold,False
14,pipeline_success_rate,threshold,False
15,pipeline_success_rate,threshold,False
16,pipeline_success_rate,threshold,False
17,pipeline_success_rate,threshold,False
18,pipeline_success_rate,threshold,False
19,pipeline_success_rate,threshold,False
20,pipeline_success_rate,threshold,False
21,pipeline_success_rate,threshold,False
22,pipeline_success_rate,threshold,False
23,pipeline_success_rate,threshold,False
24,pipeline_success_rate,threshold,False
25,pipeline_success_rate,threshold,False
26,pipeline_success_rate,threshold,False
27,pipeline_success_rate,threshold,False
28,pipeline_success_rate,threshold,False
29,pipeline_success_rate,threshold,False
30,pipeline_success_rate,threshold,False
31,pipeline_success_rate,threshold,False
32,pipeline_success_rate,threshold,False
33,pipeline_success_rate,threshold,False
34,pipeline_success_rate,threshold,False
35,pipeline_success_rate,threshold,False
36,pipeline_success_rate,threshold,False
37,pipeline_success_rate,threshold,False
38,pipeline_success_rate,threshold,False
39,pipeline_success_rate,threshold,False
40,pipeline_success_rate,threshold,False
41,pipeline_success_rate,threshold,False
42,pipeline_success_rate,threshold,False
43,pipeline_success_rate,threshold,False
44,pipeline_success_rate,threshold,False
45,pipeline_success_rate,threshold,False
46,pipeline_success_rate,threshold,False
47,pipeline_success_rate,threshold,False
48,pipeline_success_rate,threshold,False
49,pipeline_success_rate,threshold,False
50,pipeline_success_rate,threshold,False
51,pipeline_success_rate,threshold,False
52,pipeline_success_rate,threshold,False
53,pipeline_success_rate,threshold,False
54,pipeline_success_rate,threshold,False
55,pipeline_success_rate,threshold,False
56,pipeline_success_rate,threshold,False
57,pipeline_success_rate,threshold,False
58,pipeline_success_rate,threshold,False
59,pipeline_success_rate,threshold,False
60,pipeline_success_rate,threshold,False
61,pipeline_success_rate,threshold,False
62,pipeline_success_rate,threshold,False
63,pipeline_success_rate,threshold,False
64,pipeline_success_rate,threshold,False
65,pipeline_success_rate,threshold,False
66,pipeline_success_rate,threshold,False
67,pipeline_success_rate,threshold,False
68,pipeline_success_rate,threshold,False
69,pipeline_success_rate,threshold,False
70,pipeline_success_rate,threshold,False
71,pipeline_success_rate,threshold,False
72,pipeline_success_rate,threshold,False
73,pipeline_success_rate,threshold,False
74,pipeline_success_rate,threshold,False
75,pipeline_success_rate,threshold,False
76,pipeline_success_rate,threshold,False
77,pipeline_success_rate,threshold,False
78,pipeline_success_rate,threshold,False
79,pipeline_success_rate,threshold,False
80,pipeline_success_rate,threshold,False
81,pipeline_success_rate,threshold,False
82,pipeline_success_rate,threshold,False
83,pipeline_success_rate,threshold,False
84,pipeline_success_rate,threshold,False
85,pipeline_success_rate,threshold,False
86,pipeline_success_rate,threshold,False
87,pipeline_success_rate,threshold,False
88,pipeline_success_rate,threshold,False
89,pipeline_success_rate,threshold,False
0,pipeline_success_rate,zscore,False
1,pipeline_success_rate,zscore,False
2,pipeline_success_rate,zscore,False
3,pipeline_success_rate,zscore,False
4,pipeline_success_rate,zscore,False
5,pipeline_success_rate,zscore,False
6,pipeline_success_rate,zscore,False
7,pipeline_success_rate,zscore,False
8,pipeline_success_rate,zscore,False
9,pipeline_success_rate,zscore,False
10,pipeline_success_rate,zscore,False
11,pipeline_success_rate,zscore,False
12,pipeline_success_rate,zscore,False
13,pipeline_success_rate,zscore,False
14,pipeline_success_rate,zscore,False
15,pipeline_success_rate,zscore,False
16,pipeline_success_rate,zscore,False
17,pipeline_success_rate,zscore,False
18,pipeline_success_rate,zscore,False
19,pipeline_success_rate,zscore,False
20,pipeline_success_rate,zscore,False
21,pipeline_success_rate,zscore,False
22,pipeline_success_rate,zscore,False
23,pipeline_success_rate,zscore,False
24,pipeline_success_rate,zscore,False
25,pipeline_success_rate,zscore,False
26,pipeline_success_rate,zscore,False
27,pipeline_success_rate,zscore,False
28,pipeline_success_rate,zscore,False
29,pipeline_success_rate,zscore,False
30,pipeline_success_rate,zscore,False
31,pipeline_success_rate,zscore,False
32,pipeline_success_rate,zscore,False
33,pipeline_success_rate,zscore,False
34,pipeline_success_rate,zscore,False
35,pipeline_success_rate,zscore,False
36,pipeline_success_rate,zscore,False
37,pipeline_success_rate,zscore,False
38,pipeline_success_rate,zscore,False
39,pipeline_success_rate,zscore,False
40,pipeline_success_rate,zscore,False
41,pipeline_success_rate,zscore,False
42,pipeline_success_rate,zscore,False
43,pipeline_success_rate,zscore,False
44,pipeline_success_rate,zscore,False
45,pipeline_success_rate,zscore,False
46,pipeline_success_rate,zscore,False
47,pipeline_success_rate,zscore,False
48,pipeline_success_rate,zscore,False
49,pipeline_success_rate,zscore,False
50,pipeline_success_rate,zscore,False
51,pipeline_success_rate,zscore,False
52,pipeline_success_rate,zscore,False
53,pipeline_success_rate,zscore,False
54,pipeline_success_rate,zscore,False
55,pipeline_success_rate,zscore,True
56,pipeline_success_rate,zscore,False
57,pipeline_success_rate,zscore,False
58,pipeline_success_rate,zscore,False
59,pipeline_success_rate,zscore,False
60,pipeline_success_rate,zscore,False
61,pipeline_success_rate,zscore,False
62,pipeline_success_rate,zscore,False
63,pipeline_success_rate,zscore,False
64,pipeline_success_rate,zscore,False
65,pipeline_success_rate,zscore,False
66,pipeline_success_rate,zscore,False
67,pipeline_success_rate,zscore,False
68,pipeline_success_rate,zscore,False
69,pipeline_success_rate,zscore,False
70,pipeline_success_rate,zscore,False
71,pipeline_success_rate,zscore,False
72,pipeline_success_rate,zscore,False
73,pipeline_success_rate,zscore,False
74,pipeline_success_rate,zscore,False
75,pipeline_success_rate,zscore,False
76,pipeline_success_rate,zscore,False
77,pipeline_success_rate,zscore,False
78,pipeline_success_rate,zscore,False
79,pipeline_success_rate,zscore,False
80,pipeline_success_rate,zscore,False
81,pipeline_success_rate,zscore,False
82,pipeline_success_rate,zscore,False
83,pipeline_success_rate,zscore,False
84,pipeline_success_rate,zscore,False
85,pipeline_success_rate,zscore,False
86,pipeline_success_rate,zscore,False
87,pipeline_success_rate,zscore,False
88,pipeline_success_rate,zscore,False
89,pipeline_success_rate,zscore,False
0,pipeline_success_rate,trend_break,False
1,pipeline_success_rate,trend_break,False
2,pipeline_success_rate,trend_break,False
3,pipeline_success_rate,trend_break,False
4,pipeline_success_rate,trend_break,False
5,pipeline_success_rate,trend_break,False
6,pipeline_success_rate,trend_break,False
7,pipeline_success_rate,trend_break,False
8,pipeline_success_rate,trend_break,False
9,pipeline_success_rate,trend_break,False
10,pipeline_success_rate,trend_break,False
11,pipeline_success_rate,trend_break,False
12,pipeline_success_rate,trend_break,False
13,pipeline_success_rate,trend_break,False
14,pipeline_success_rate,trend_break,False
15,pipeline_success_rate,trend_break,False
16,pipeline_success_rate,trend_break,False
17,pipeline_success_rate,trend_break,False
18,pipeline_success_rate,trend_break,False
19,pipeline_success_rate,trend_break,False
20,pipeline_success_rate,trend_break,False
21,pipeline_success_rate,trend_break,False
22,pipeline_success_rate,trend_break,False
23,pipeline_success_rate,trend_break,False
24,pipeline_success_rate,trend_break,False
25,pipeline_success_rate,trend_break,False
26,pipeline_success_rate,trend_break,False
27,pipeline_success_rate,trend_break,False
28,pipeline_success_rate,trend_break,False
29,pipeline_success_rate,trend_break,False
30,pipeline_success_rate,trend_break,False
31,pipeline_success_rate,trend_break,False
32,pipeline_success_rate,trend_break,False
33,pipeline_success_rate,trend_break,False
34,pipeline_success_rate,trend_break,False
35,pipeline_success_rate,trend_break,False
36,pipeline_success_rate,trend_break,False
37,pipeline_success_rate,trend_break,False
38,pipeline_success_rate,trend_break,False
39,pipeline_success_rate,trend_break,False
40,pipeline_success_rate,trend_break,False
41,pipeline_success_rate,trend_break,False
42,pipeline_success_rate,trend_break,False
43,pipeline_success_rate,trend_break,False
44,pipeline_success_rate,trend_break,False
45,pipeline_success_rate,trend_break,False
46,pipeline_success_rate,trend_break,False
47,pipeline_success_rate,trend_break,False
48,pipeline_success_rate,trend_break,False
49,pipeline_success_rate,trend_break,False
50,pipeline_success_rate,trend_break,False
51,pipeline_success_rate,trend_break,False
52,pipeline_success_rate,trend_break,False
53,pipeline_success_rate,trend_break,False
54,pipeline_success_rate,trend_break,False
55,pipeline_success_rate,trend_break,False
56,pipeline_success_rate,trend_break,False
57,pipeline_success_rate,trend_break,False
58,pipeline_success_rate,trend_break,False
59,pipeline_success_rate,trend_break,False
60,pipeline_success_rate,trend_break,False
61,pipeline_success_rate,trend_break,False
62,pipeline_success_rate,trend_break,False
63,pipeline_success_rate,trend_break,False
64,pipeline_success_rate,trend_break,False
65,pipeline_success_rate,trend_break,False
66,pipeline_success_rate,trend_break,False
67,pipeline_success_rate,trend_break,False
68,pipeline_success_rate,trend_break,False
69,pipeline_success_rate,trend_break,False
70,pipeline_success_rate,trend_break,False
71,pipeline_success_rate,trend_break,False
72,pipeline_success_rate,trend_break,False
73,pipeline_success_rate,trend_break,False
74,pipeline_success_rate,trend_break,False
75,pipeline_success_rate,trend_break,False
76,pipeline_success_rate,trend_break,False
77,pipeline_success_rate,trend_break,False
78,pipeline_success_rate,trend_break,False
79,pipeline_success_rate,trend_break,False
80,pipeline_success_rate,trend_break,False
81,pipeline_success_rate,trend_break,False
82,pipeline_success_rate,trend_break,False
83,pipeline_success_rate,trend_break,False
84,pipeline_success_rate,trend_break,False
85,pipeline_success_rate,trend_break,False
86,pipeline_success_rate,trend_break,False
87,pipeline_success_rate,trend_break,False
88,pipeline_success_rate,trend_break,False
89,pipeline_success_rate,trend_break,False
0,pipeline_success_rate,data_gap,False
1,pipeline_success_rate,data_gap,False
2,pipeline_success_rate,data_gap,False
3,pipeline_success_rate,data_gap,False
4,pipeline_success_rate,data_gap,False
5,pipeline_success_rate,data_gap,False
6,pipeline_success_rate,data_gap,False
7,pipeline_success_rate,data_gap,False
8,pipeline_success_rate,data_gap,False
9,pipeline_success_rate,data_gap,False
10,pipeline_success_rate,data_gap,False
11,pipeline_success_rate,data_gap,False
12,pipeline_success_rate,data_gap,False
13,pipeline_success_rate,data_gap,False
14,pipeline_success_rate,data_gap,False
15,pipeline_success_rate,data_gap,False
16,pipeline_success_rate,data_gap,False
17,pipeline_success_rate,data_gap,False
18,pipeline_success_rate,data_gap,False
19,pipeline_success_rate,data_gap,False
20,pipeline_success_rate,data_gap,False
21,pipeline_success_rate,data_gap,False
22,pipeline_success_rate,data_gap,False
23,pipeline_success_rate,data_gap,False
24,pipeline_success_rate,data_gap,False
25,pipeline_success_rate,data_gap,False
26,pipeline_success_rate,data_gap,False
27,pipeline_success_rate,data_gap,False
28,pipeline_success_rate,data_gap,False
29,pipeline_success_rate,data_gap,False
30,pipeline_success_rate,data_gap,False
31,pipeline_success_rate,data_gap,False
32,pipeline_success_rate,data_gap,False
33,pipeline_success_rate,data_gap,False
34,pipeline_success_rate,data_gap,False
35,pipeline_success_rate,data_gap,False
36,pipeline_success_rate,data_gap,False
37,pipeline_success_rate,data_gap,False
38,pipeline_success_rate,data_gap,False
39,pipeline_success_rate,data_gap,False
40,pipeline_success_rate,data_gap,False
41,pipeline_success_rate,data_gap,False
42,pipeline_success_rate,data_gap,False
43,pipeline_success_rate,data_gap,False
44,pipeline_success_rate,data_gap,False
45,pipeline_success_rate,data_gap,False
46,pipeline_success_rate,data_gap,False
47,pipeline_success_rate,data_gap,False
48,pipeline_success_rate,data_gap,False
49,pipeline_success_rate,data_gap,False
50,pipeline_success_rate,data_gap,False
51,pipeline_success_rate,data_gap,False
52,pipeline_success_rate,data_gap,False
53,pipeline_success_rate,data_gap,False
54,pipeline_success_rate,data_gap,False
55,pipeline_success_rate,data_gap,False
56,pipeline_success_rate,data_gap,False
57,pipeline_success_rate,data_gap,False
58,pipeline_success_rate,data_gap,False
59,pipeline_success_rate,data_gap,False
60,pipeline_success_rate,data_gap,False
61,pipeline_success_rate,data_gap,False
62,pipeline_success_rate,data_gap,False
63,pipeline_success_rate,data_gap,False
64,pipeline_success_rate,data_gap,False
65,pipeline_success_rate,data_gap,False
66,pipeline_success_rate,data_gap,False
67,pipeline_success_rate,data_gap,False
68,pipeline_success_rate,data_gap,False
69,pipeline_success_rate,data_gap,False
70,pipeline_success_rate,data_gap,False
71,pipeline_success_rate,data_gap,False
72,pipeline_success_rate,data_gap,False
73,pipeline_success_rate,data_gap,False
74,pipeline_success_rate,data_gap,False
75,pipeline_success_rate,data_gap,False
76,pipeline_success_rate,data_gap,False
77,pipeline_success_rate,data_gap,False
78,pipeline_success_rate,data_gap,False
79,pipeline_success_rate,data_gap,False
80,pipeline_success_rate,data_gap,False
81,pipeline_success_rate,data_gap,False
82,pipeline_success_rate,data_gap,False
83,pipeline_success_rate,data_gap,False
84,pipeline_success_rate,data_gap,False
85,pipeline_success_rate,data_gap,False
86,pipeline_success_rate,data_gap,False
87,pipeline_success_rate,data_gap,False
88,pipeline_success_rate,data_gap,False
89,pipeline_success_rate,data_gap,False
0,row_count,threshold,False
1,row_count,threshold,False
2,row_count,threshold,False
3,row_count,threshold,False
4,row_count,threshold,False
5,row_count,threshold,False
6,row_count,threshold,False
7,row_count,threshold,False
8,row_count,threshold,False
9,row_count,threshold,False
10,row_count,threshold,False
11,row_count,threshold,False
12,row_count,threshold,False
13,row_count,threshold,False
14,row_count,threshold,False
15,row_count,threshold,False
16,row_count,threshold,False
17,row_count,threshold,False
18,row_count,threshold,False
19,row_count,threshold,False
20,row_count,threshold,False
21,row_count,threshold,False
22,row_count,threshold,False
23,row_count,threshold,False
24,row_count,threshold,False
25,row_count,threshold,False
26,row_count,threshold,False
27,row_count,threshold,False
28,row_count,threshold,False
29,row_count,threshold,False
30,row_count,threshold,False
31,row_count,threshold,False
32,row_count,threshold,False
33,row_count,threshold,False
34,row_count,threshold,False
35,row_count,threshold,False
36,row_count,threshold,False
37,row_count,threshold,False
38,row_count,threshold,False
39,row_count,threshold,False
40,row_count,threshold,False
41,row_count,threshold,False
42,row_count,threshold,False
43,row_count,threshold,False
44,row_count,threshold,False
45,row_count,threshold,False
46,row_count,threshold,False
47,row_count,threshold,False
48,row_count,threshold,False
49,row_count,threshold,False
50,row_count,threshold,False
51,row_count,threshold,False
52,row_count,threshold,False
53,row_count,threshold,False
54,row_count,threshold,False
55,row_count,threshold,False
56,row_count,threshold,False
57,row_count,threshold,False
58,row_count,threshold,False
59,row_count,threshold,False
60,row_count,threshold,False
61,row_count,threshold,False
62,row_count,threshold,False
63,row_count,threshold,False
64,row_count,threshold,False
65,row_count,threshold,False
66,row_count,threshold,False
67,row_count,threshold,False
68,row_count,threshold,False
69,row_count,threshold,False
70,row_count,threshold,False
71,row_count,threshold,False
72,row_count,threshold,False
73,row_count,threshold,False
74,row_count,threshold,False
75,row_count,threshold,False
76,row_count,threshold,False
77,row_count,threshold,False
78,row_count,threshold,False
79,row_count,threshold,False
80,row_count,threshold,False
81,row_count,threshold,False
82,row_count,threshold,False
83,row_count,threshold,False
84,row_count,threshold,False
85,row_count,threshold,False
86,row_count,threshold,False
87,row_count,threshold,False
88,row_count,threshold,False
89,row_count,threshold,False
0,row_count,zscore,False
1,row_count,zscore,False
2,row_count,zscore,False
3,row_count,zscore,False
4,row_count,zscore,False
5,row_count,zscore,False
6,row_count,zscore,False
7,row_count,zscore,False
8,row_count,zscore,False
9,row_count,zscore,False
10,row_count,zscore,False
11,row_count,zscore,False
12,row_count,zscore,False
13,row_count,zscore,False
14,row_count,zscore,False
15,row_count,zscore,False
16,row_count,zscore,False
17,row_count,zscore,False
18,row_count,zscore,False
19,row_count,zscore,False
20,row_count,zscore,False
21,row_count,zscore,False
22,row_count,zscore,False
23,row_count,zscore,False
24,row_count,zscore,False
25,row_count,zscore,False
26,row_count,zscore,False
27,row_count,zscore,False
28,row_count,zscore,False
29,row_count,zscore,False
30,row_count,zscore,False
31,row_count,zscore,False
32,row_count,zscore,False
33,row_count,zscore,False
34,row_count,zscore,False
35,row_count,zscore,False
36,row_count,zscore,False
37,row_count,zscore,False
38,row_count,zscore,False
39,row_count,zscore,False
40,row_count,zscore,False
41,row_count,zscore,False
42,row_count,zscore,False
43,row_count,zscore,False
44,row_count,zscore,False
45,row_count,zscore,False
46,row_count,zscore,False
47,row_count,zscore,False
48,row_count,zscore,False
49,row_count,zscore,False
50,row_count,zscore,False
51,row_count,zscore,False
52,row_count,zscore,False
53,row_count,zscore,False
54,row_count,zscore,False
55,row_count,zscore,False
56,row_count,zscore,False
57,row_count,zscore,False
58,row_count,zscore,False
59,row_count,zscore,False
60,row_count,zscore,False
61,row_count,zscore,False
62,row_count,zscore,False
63,row_count,zscore,False
64,row_count,zscore,False
65,row_count,zscore,False
66,row_count,zscore,False
67,row_count,zscore,False
68,row_count,zscore,False
69,row_count,zscore,False
70,row_count,zscore,False
71,row_count,zscore,False
72,row_count,zscore,False
73,row_count,zscore,False
74,row_count,zscore,False
75,row_count,zscore,False
76,row_count,zscore,False
77,row_count,zscore,False
78,row_count,zscore,False
79,row_count,zscore,False
80,row_count,zscore,False
81,row_count,zscore,False
82,row_count,zscore,False
83,row_count,zscore,False
84,row_count,zscore,False
85,row_count,zscore,False
86,row_count,zscore,False
87,row_count,zscore,False
88,row_count,zscore,False
89,row_count,zscore,False
0,row_count,trend_break,False
1,row_count,trend_break,False
2,row_count,trend_break,False
3,row_count,trend_break,False
4,row_count,trend_break,False
5,row_count,trend_break,False
6,row_count,trend_break,False
7,row_count,trend_break,False
8,row_count,trend_break,False
9,row_count,trend_break,False
10,row_count,trend_break,False
11,row_count,trend_break,False
12,row_count,trend_break,False
13,row_count,trend_break,False
14,row_count,trend_break,False
15,row_count,trend_break,False
16,row_count,trend_break,False
17,row_count,trend_break,False
18,row_count,trend_break,False
19,row_count,trend_break,False
20,row_count,trend_break,False
21,row_count,trend_break,False
22,row_count,trend_break,False
23,row_count,trend_break,False
24,row_count,trend_break,False
25,row_count,trend_break,False
26,row_count,trend_break,False
27,row_count,trend_break,False
28,row_count,trend_break,False
29,row_count,trend_break,False
30,row_count,trend_break,False
31,row_count,trend_break,False
32,row_count,trend_break,False
33,row_count,trend_break,False
34,row_count,trend_break,False
35,row_count,trend_break,False
36,row_count,trend_break,False
37,row_count,trend_break,False
38,row_count,trend_break,False
39,row_count,trend_break,False
40,row_count,trend_break,False
41,row_count,trend_break,False
42,row_count,trend_break,False
43,row_count,trend_break,False
44,row_count,trend_break,False
45,row_count,trend_break,False
46,row_count,trend_break,False
47,row_count,trend_break,False
48,row_count,trend_break,False
49,row_count,trend_break,False
50,row_count,trend_break,False
51,row_count,trend_break,False
52,row_count,trend_break,False
53,row_count,trend_break,False
54,row_count,trend_break,False
55,row_count,trend_break,False
56,row_count,trend_break,False
57,row_count,trend_break,False
58,row_count,trend_break,False
59,row_count,trend_break,False
60,row_count,trend_break,False
61,row_count,trend_break,False
62,row_count,trend_break,False
63,row_count,trend_break,False
64,row_count,trend_break,False
65,row_count,trend_break,False
66,row_count,trend_break,False
67,row_count,trend_break,False
68,row_count,trend_break,False
69,row_count,trend_break,False
70,row_count,trend_break,False
71,row_count,trend_break,False
72,row_count,trend_break,False
73,row_count,trend_break,False
74,row_count,trend_break,False
75,row_count,trend_break,False
76,row_count,trend_break,False
77,row_count,trend_break,False
78,row_count,trend_break,False
79,row_count,trend_break,False
80,row_count,trend_break,False
81,row_count,trend_break,False
82,row_count,trend_break,False
83,row_count,trend_break,False
84,row_count,trend_break,False
85,row_count,trend_break,False
86,row_count,trend_break,False
87,row_count,trend_break,False
88,row_count,trend_break,False
89,row_count,trend_break,False
0,row_count,data_gap,False
1,row_count,data_gap,False
2,row_count,data_gap,False
3,row_count,data_gap,False
4,row_count,data_gap,False
5,row_count,data_gap,False
6,row_count,data_gap,False
7,row_count,data_gap,False
8,row_count,data_gap,False
9,row_count,data_gap,False
10,row_count,data_gap,False
11,row_count,data_gap,False
12,row_count,data_gap,False
13,row_count,data_gap,False
14,row_count,data_gap,False
15,row_count,data_gap,False
16,row_count,data_gap,False
17,row_count,data_gap,False
18,row_count,data_gap,False
19,row_count,data_gap,False
20,row_count,data_gap,False
21,row_count,data_gap,False
22,row_count,data_gap,False
23,row_count,data_gap,False
24,row_count,data_gap,False
25,row_count,data_gap,False
26,row_count,data_gap,False
27,row_count,data_gap,False
28,row_count,data_gap,False
29,row_count,data_gap,False
30,row_count,data_gap,False
31,row_count,data_gap,False
32,row_count,data_gap,False
33,row_count,data_gap,False
34,row_count,data_gap,False
35,row_count,data_gap,False
36,row_count,data_gap,False
37,row_count,data_gap,False
38,row_count,data_gap,False
39,row_count,data_gap,False
40,row_count,data_gap,True
41,row_count,data_gap,True
42,row_count,data_gap,True
43,row_count,data_gap,False
44,row_count,data_gap,False
45,row_count,data_gap,False
46,row_count,data_gap,False
47,row_count,data_gap,False
48,row_count,data_gap,False
49,row_count,data_gap,False
50,row_count,data_gap,False
51,row_count,data_gap,False
52,row_count,data_gap,False
53,row_count,data_gap,False
54,row_count,data_gap,False
55,row_count,data_gap,False
56,row_count,data_gap,False
57,row_count,data_gap,False
58,row_count,data_gap,False
59,row_count,data_gap,False
60,row_count,data_gap,False
61,row_count,data_gap,False
62,row_count,data_gap,False
63,row_count,data_gap,False
64,row_count,data_gap,False
65,row_count,data_gap,False
66,row_count,data_gap,False
67,row_count,data_gap,False
68,row_count,data_gap,False
69,row_count,data_gap,False
70,row_count,data_gap,False
71,row_count,data_gap,False
72,row_count,data_gap,False
73,row_count,data_gap,False
74,row_count,data_gap,False
75,row_count,data_gap,False
76,row_count,data_gap,False
77,row_count,data_gap,False
78,row_count,data_gap,False
79,row_count,data_gap,False
80,row_count,data_gap,False
81,row_count,data_gap,False
82,row_count,data_gap,False
83,row_count,data_gap,False
84,row_count,data_gap,False
85,row_count,data_gap,False
86,row_count,data_gap,False
87,row_count,data_gap,False
88,row_count,data_gap,False
89,row_count,data_gap,False
0,monthly_usage_score,popmon,False
1,monthly_usage_score,popmon,False
2,monthly_usage_score,popmon,False
3,monthly_usage_score,popmon,False
4,monthly_usage_score,popmon,False
5,monthly_usage_score,popmon,False
6,monthly_usage_score,popmon,False
7,monthly_usage_score,popmon,False
8,monthly_usage_score,popmon,False
9,monthly_usage_score,popmon,False
10,monthly_usage_score,popmon,False
11,monthly_usage_score,popmon,False
12,monthly_usage_score,popmon,False
13,monthly_usage_score,popmon,False
14,monthly_usage_score,popmon,False
15,monthly_usage_score,popmon,False
16,monthly_usage_score,popmon,False
17,monthly_usage_score,popmon,False
18,monthly_usage_score,popmon,False
19,monthly_usage_score,popmon,False
20,monthly_usage_score,popmon,False
21,monthly_usage_score,popmon,False
22,monthly_usage_score,popmon,False
23,monthly_usage_score,popmon,False
24,monthly_usage_score,popmon,False
25,monthly_usage_score,popmon,False
26,monthly_usage_score,popmon,False
27,monthly_usage_score,popmon,False
28,monthly_usage_score,popmon,False
29,monthly_usage_score,popmon,False
30,monthly_usage_score,popmon,False
31,monthly_usage_score,popmon,False
32,monthly_usage_score,popmon,False
33,monthly_usage_score,popmon,False
34,monthly_usage_score,popmon,False
35,monthly_usage_score,popmon,False
36,monthly_usage_score,popmon,False
37,monthly_usage_score,popmon,False
38,monthly_usage_score,popmon,False
39,monthly_usage_score,popmon,False
40,monthly_usage_score,popmon,False
41,monthly_usage_score,popmon,False
42,monthly_usage_score,popmon,False
43,monthly_usage_score,popmon,False
44,monthly_usage_score,popmon,False
45,monthly_usage_score,popmon,False
46,monthly_usage_score,popmon,False
47,monthly_usage_score,popmon,False
48,monthly_usage_score,popmon,False
49,monthly_usage_score,popmon,False
50,monthly_usage_score,popmon,True
51,monthly_usage_score,popmon,True
52,monthly_usage_score,popmon,True
53,monthly_usage_score,popmon,True
54,monthly_usage_score,popmon,True
55,monthly_usage_score,popmon,True
56,monthly_usage_score,popmon,True
57,monthly_usage_score,popmon,True
58,monthly_usage_score,popmon,True
59,monthly_usage_score,popmon,True
60,monthly_usage_score,popmon,True
61,monthly_usage_score,popmon,True
62,monthly_usage_score,popmon,True
63,monthly_usage_score,popmon,True
64,monthly_usage_score,popmon,True
65,monthly_usage_score,popmon,True
66,monthly_usage_score,popmon,True
67,monthly_usage_score,popmon,True
68,monthly_usage_score,popmon,True
69,monthly_usage_score,popmon,True
70,monthly_usage_score,popmon,True
71,monthly_usage_score,popmon,True
72,monthly_usage_score,popmon,True
73,monthly_usage_score,popmon,True
74,monthly_usage_score,popmon,True
75,monthly_usage_score,popmon,True
76,monthly_usage_score,popmon,True
77,monthly_usage_score,popmon,True
78,monthly_usage_score,popmon,True
79,monthly_usage_score,popmon,True
80,monthly_usage_score,popmon,True
81,monthly_usage_score,popmon,True
82,monthly_usage_score,popmon,True
83,monthly_usage_score,popmon,True
84,monthly_usage_score,popmon,True
85,monthly_usage_score,popmon,True
86,monthly_usage_score,popmon,True
87,monthly_usage_score,popmon,True
88,monthly_usage_score,popmon,True
89,monthly_usage_score,popmon,True
0,plan_tier,popmon,False
1,plan_tier,popmon,False
2,plan_tier,popmon,False
3,plan_tier,popmon,False
4,plan_tier,popmon,False
5,plan_tier,popmon,False
6,plan_tier,popmon,False
7,plan_tier,popmon,False
8,plan_tier,popmon,False
9,plan_tier,popmon,False
10,plan_tier,popmon,False
11,plan_tier,popmon,False
12,plan_tier,popmon,False
13,plan_tier,popmon,False
14,plan_tier,popmon,False
15,plan_tier,popmon,False
16,plan_tier,popmon,False
17,plan_tier,popmon,False
18,plan_tier,popmon,False
19,plan_tier,popmon,False
20,plan_tier,popmon,False
21,plan_tier,popmon,False
22,plan_tier,popmon,False
23,plan_tier,popmon,False
24,plan_tier,popmon,False
25,plan_tier,popmon,False
26,plan_tier,popmon,False
27,plan_tier,popmon,False
28,plan_tier,popmon,False
29,plan_tier,popmon,False
30,plan_tier,popmon,False
31,plan_tier,popmon,False
32,plan_tier,popmon,False
33,plan_tier,popmon,False
34,plan_tier,popmon,False
35,plan_tier,popmon,False
36,plan_tier,popmon,False
37,plan_tier,popmon,False
38,plan_tier,popmon,False
39,plan_tier,popmon,False
40,plan_tier,popmon,False
41,plan_tier,popmon,False
42,plan_tier,popmon,False
43,plan_tier,popmon,False
44,plan_tier,popmon,False
45,plan_tier,popmon,False
46,plan_tier,popmon,False
47,plan_tier,popmon,False
48,plan_tier,popmon,False
49,plan_tier,popmon,False
50,plan_tier,popmon,False
51,plan_tier,popmon,False
52,plan_tier,popmon,False
53,plan_tier,popmon,False
54,plan_tier,popmon,False
55,plan_tier,popmon,False
56,plan_tier,popmon,False
57,plan_tier,popmon,False
58,plan_tier,popmon,False
59,plan_tier,popmon,False
60,plan_tier,popmon,True
61,plan_tier,popmon,True
62,plan_tier,popmon,True
63,plan_tier,popmon,True
64,plan_tier,popmon,True
65,plan_tier,popmon,True
66,plan_tier,popmon,True
67,plan_tier,popmon,True
68,plan_tier,popmon,True
69,plan_tier,popmon,True
70,plan_tier,popmon,True
71,plan_tier,popmon,True
72,plan_tier,popmon,True
73,plan_tier,popmon,True
74,plan_tier,popmon,True
75,plan_tier,popmon,True
76,plan_tier,popmon,True
77,plan_tier,popmon,True
78,plan_tier,popmon,True
79,plan_tier,popmon,True
80,plan_tier,popmon,True
81,plan_tier,popmon,True
82,plan_tier,popmon,True
83,plan_tier,popmon,True
84,plan_tier,popmon,True
85,plan_tier,popmon,True
86,plan_tier,popmon,True
87,plan_tier,popmon,True
88,plan_tier,popmon,True
89,plan_tier,popmon,True
0,predicted_churn_prob,popmon,False
1,predicted_churn_prob,popmon,False
2,predicted_churn_prob,popmon,False
3,predicted_churn_prob,popmon,False
4,predicted_churn_prob,popmon,False
5,predicted_churn_prob,popmon,False
6,predicted_churn_prob,popmon,False
7,predicted_churn_prob,popmon,False
8,predicted_churn_prob,popmon,False
9,predicted_churn_prob,popmon,False
10,predicted_churn_prob,popmon,False
11,predicted_churn_prob,popmon,False
12,predicted_churn_prob,popmon,False
13,predicted_churn_prob,popmon,False
14,predicted_churn_prob,popmon,False
15,predicted_churn_prob,popmon,False
16,predicted_churn_prob,popmon,False
17,predicted_churn_prob,popmon,False
18,predicted_churn_prob,popmon,False
19,predicted_churn_prob,popmon,False
20,predicted_churn_prob,popmon,False
21,predicted_churn_prob,popmon,False
22,predicted_churn_prob,popmon,False
23,predicted_churn_prob,popmon,False
24,predicted_churn_prob,popmon,False
25,predicted_churn_prob,popmon,False
26,predicted_churn_prob,popmon,False
27,predicted_churn_prob,popmon,False
28,predicted_churn_prob,popmon,True
29,predicted_churn_prob,popmon,True
30,predicted_churn_prob,popmon,True
31,predicted_churn_prob,popmon,True
32,predicted_churn_prob,popmon,True
33,predicted_churn_prob,popmon,True
34,predicted_churn_prob,popmon,True
35,predicted_churn_prob,popmon,True
36,predicted_churn_prob,popmon,True
37,predicted_churn_prob,popmon,True
38,predicted_churn_prob,popmon,True
39,predicted_churn_prob,popmon,True
40,predicted_churn_prob,popmon,True
41,predicted_churn_prob,popmon,True
42,predicted_churn_prob,popmon,True
43,predicted_churn_prob,popmon,True
44,predicted_churn_prob,popmon,True
45,predicted_churn_prob,popmon,True
46,predicted_churn_prob,popmon,True
47,predicted_churn_prob,popmon,True
48,predicted_churn_prob,popmon,True
49,predicted_churn_prob,popmon,True
50,predicted_churn_prob,popmon,True
51,predicted_churn_prob,popmon,True
52,predicted_churn_prob,popmon,True
53,predicted_churn_prob,popmon,True
54,predicted_churn_prob,popmon,True
55,predicted_churn_prob,popmon,True
56,predicted_churn_prob,popmon,True
57,predicted_churn_prob,popmon,True
58,predicted_churn_prob,popmon,True
59,predicted_churn_prob,popmon,True
60,predicted_churn_prob,popmon,True
61,predicted_churn_prob,popmon,True
62,predicted_churn_prob,popmon,True
63,predicted_churn_prob,popmon,True
64,predicted_churn_prob,popmon,True
65,predicted_churn_prob,popmon,True
66,predicted_churn_prob,popmon,True
67,predicted_churn_prob,popmon,True
68,predicted_churn_prob,popmon,True
69,predicted_churn_prob,popmon,True
70,predicted_churn_prob,popmon,True
71,predicted_churn_prob,popmon,True
72,predicted_churn_prob,popmon,True
73,predicted_churn_prob,popmon,True
74,predicted_churn_prob,popmon,True
75,predicted_churn_prob,popmon,True
76,predicted_churn_prob,popmon,True
77,predicted_churn_prob,popmon,True
78,predicted_churn_prob,popmon,True
79,predicted_churn_prob,popmon,True
80,predicted_churn_prob,popmon,True
81,predicted_churn_prob,popmon,True
82,predicted_churn_prob,popmon,True
83,predicted_churn_prob,popmon,True
84,predicted_churn_prob,popmon,True
85,predicted_churn_prob,popmon,True
86,predicted_churn_prob,popmon,True
87,predicted_churn_prob,popmon,True
88,predicted_churn_prob,popmon,True
89,predicted_churn_prob,popmon,True
0,support_tickets_30d,popmon,False
1,support_tickets_30d,popmon,False
2,support_tickets_30d,popmon,False
3,support_tickets_30d,popmon,False
4,support_tickets_30d,popmon,False
5,support_tickets_30d,popmon,False
6,support_tickets_30d,popmon,False
7,support_tickets_30d,popmon,False
8,support_tickets_30d,popmon,False
9,support_tickets_30d,popmon,False
10,support_tickets_30d,popmon,False
11,support_tickets_30d,popmon,False
12,support_tickets_30d,popmon,False
13,support_tickets_30d,popmon,False
14,support_tickets_30d,popmon,False
15,support_tickets_30d,popmon,False
16,support_tickets_30d,popmon,False
17,support_tickets_30d,popmon,False
18,support_tickets_30d,popmon,False
19,support_tickets_30d,popmon,False
20,support_tickets_30d,popmon,False
21,support_tickets_30d,popmon,False
22,support_tickets_30d,popmon,False
23,support_tickets_30d,popmon,False
24,support_tickets_30d,popmon,False
25,support_tickets_30d,popmon,False
26,support_tickets_30d,popmon,False
27,support_tickets_30d,popmon,False
28,support_tickets_30d,popmon,False
29,support_tickets_30d,popmon,False
30,support_tickets_30d,popmon,False
31,support_tickets_30d,popmon,False
32,support_tickets_30d,popmon,False
33,support_tickets_30d,popmon,False
34,support_tickets_30d,popmon,False
35,support_tickets_30d,popmon,False
36,support_tickets_30d,popmon,False
37,support_tickets_30d,popmon,False
38,support_tickets_30d,popmon,False
39,support_tickets_30d,popmon,False
40,support_tickets_30d,popmon,False
41,support_tickets_30d,popmon,False
42,support_tickets_30d,popmon,False
43,support_tickets_30d,popmon,False
44,support_tickets_30d,popmon,False
45,support_tickets_30d,popmon,False
46,support_tickets_30d,popmon,False
47,support_tickets_30d,popmon,False
48,support_tickets_30d,popmon,False
49,support_tickets_30d,popmon,False
50,support_tickets_30d,popmon,False
51,support_tickets_30d,popmon,False
52,support_tickets_30d,popmon,False
53,support_tickets_30d,popmon,False
54,support_tickets_30d,popmon,False
55,support_tickets_30d,popmon,False
56,support_tickets_30d,popmon,False
57,support_tickets_30d,popmon,False
58,support_tickets_30d,popmon,False
59,support_tickets_30d,popmon,False
60,support_tickets_30d,popmon,False
61,support_tickets_30d,popmon,False
62,support_tickets_30d,popmon,False
63,support_tickets_30d,popmon,False
64,support_tickets_30d,popmon,False
65,support_tickets_30d,popmon,False
66,support_tickets_30d,popmon,False
67,support_tickets_30d,popmon,False
68,support_tickets_30d,popmon,False
69,support_tickets_30d,popmon,False
70,support_tickets_30d,popmon,True
71,support_tickets_30d,popmon,True
72,support_tickets_30d,popmon,True
73,support_tickets_30d,popmon,True
74,support_tickets_30d,popmon,True
75,support_tickets_30d,popmon,False
76,support_tickets_30d,popmon,False
77,support_tickets_30d,popmon,False
78,support_tickets_30d,popmon,False
79,support_tickets_30d,popmon,False
80,support_tickets_30d,popmon,False
81,support_tickets_30d,popmon,False
82,support_tickets_30d,popmon,False
83,support_tickets_30d,popmon,False
84,support_tickets_30d,popmon,False
85,support_tickets_30d,popmon,False
86,support_tickets_30d,popmon,False
87,support_tickets_30d,popmon,False
88,support_tickets_30d,popmon,False
89,support_tickets_30d,popmon,False
0,tenure_months,popmon,False
1,tenure_months,popmon,False
2,tenure_months,popmon,False
3,tenure_months,popmon,False
4,tenure_months,popmon,False
5,tenure_months,popmon,False
6,tenure_months,popmon,False
7,tenure_months,popmon,False
8,tenure_months,popmon,False
9,tenure_months,popmon,False
10,tenure_months,popmon,False
11,tenure_months,popmon,False
12,tenure_months,popmon,False
13,tenure_months,popmon,False
14,tenure_months,popmon,False
15,tenure_months,popmon,False
16,tenure_months,popmon,False
17,tenure_months,popmon,False
18,tenure_months,popmon,False
19,tenure_months,popmon,False
20,tenure_months,popmon,False
21,tenure_months,popmon,False
22,tenure_months,popmon,False
23,tenure_months,popmon,False
24,tenure_months,popmon,False
25,tenure_months,popmon,False
26,tenure_months,popmon,False
27,tenure_months,popmon,False
28,tenure_months,popmon,False
29,tenure_months,popmon,False
30,tenure_months,popmon,False
31,tenure_months,popmon,False
32,tenure_months,popmon,False
33,tenure_months,popmon,False
34,tenure_months,popmon,False
35,tenure_months,popmon,False
36,tenure_months,popmon,False
37,tenure_months,popmon,False
38,tenure_months,popmon,False
39,tenure_months,popmon,False
40,tenure_months,popmon,False
41,tenure_months,popmon,False
42,tenure_months,popmon,False
43,tenure_months,popmon,False
44,tenure_months,popmon,False
45,tenure_months,popmon,False
46,tenure_months,popmon,False
47,tenure_months,popmon,False
48,tenure_months,popmon,False
49,tenure_months,popmon,False
50,tenure_months,popmon,False
51,tenure_months,popmon,False
52,tenure_months,popmon,False
53,tenure_months,popmon,False
54,tenure_months,popmon,False
55,tenure_months,popmon,False
56,tenure_months,popmon,False
57,tenure_months,popmon,False
58,tenure_months,popmon,False
59,tenure_months,popmon,False
60,tenure_months,popmon,False
61,tenure_months,popmon,False
62,tenure_months,popmon,False
63,tenure_months,popmon,False
64,tenure_months,popmon,False
65,tenure_months,popmon,False
66,tenure_months,popmon,False
67,tenure_months,popmon,False
68,tenure_months,popmon,False
69,tenure_months,popmon,False
70,tenure_months,popmon,False
71,tenure_months,popmon,False
72,tenure_months,popmon,False
73,tenure_months,popmon,False
74,tenure_months,popmon,False
75,tenure_months,popmon,False
76,tenure_months,popmon,False
77,tenure_months,popmon,False
78,tenure_months,popmon,False
79,tenure_months,popmon,False
80,tenure_months,popmon,False
81,tenure_months,popmon,False
82,tenure_months,popmon,False
83,tenure_months,popmon,False
84,tenure_months,popmon,False
85,tenure_months,popmon,False
86,tenure_months,popmon,False
87,tenure_months,popmon,False
88,tenure_months,popmon,False
89,tenure_months,popmon,False
